run,sizeBytes,seconds,mbPerMin,packets,packetFps,ptsSpanSeconds,ptsSpanFps,presentationGapMaxMs,keyframes,keyGapMinSeconds,keyGapMaxSeconds,keyShare,ptsBackstepsInPacketOrder,ptsDtsMaxMs,width,height,hasBFrames
navigate-record-sim-p1,38141347,64.761667,35.33696592461093,840,12.970635854694722,61.44,13.655598958333334,8571.667,29,0.3433330000000012,9.055,0.08157222496551852,18,213.3339999999997,1206,2622,2
navigate-record-sim-p2,36081379,66.381667,32.612660058687595,819,12.33774379302647,62.136667,13.164529729282068,9115.0,28,0.43166699999999736,9.681667,0.08471353482675491,18,250.0,1206,2622,2
navigate-serve-sim-120-p1,35574478,62.166667,34.334616652361305,3730,59.99999967828419,62.15,60.0,16.667000000005316,32,2.0,2.0,0.08650249323077087,0,0.0,1206,2622,0
navigate-serve-sim-120-p2,34403632,61.283333,33.68318625881527,3677,60.00000032635301,61.266667,59.99999967355822,16.667000000005316,31,2.0,2.0,0.08618955525398533,0,0.0,1206,2622,0
navigate-serve-sim-15-p1,53285150,61.116667,52.31157320800887,3667,59.99999967275703,61.1,60.0,16.667000000005316,245,0.25,0.25,0.4466369337866579,0,0.0,1206,2622,0
navigate-serve-sim-15-p2,53619242,61.05,52.697043734643735,3663,60.0,61.033333,60.00000032768979,16.667000000005316,245,0.25,0.25,0.4426632386039456,0,0.0,1206,2622,0
navigate-serve-sim-30-p1,43450763,62.0,42.049125483870974,3720,60.0,61.983333,60.00000032266738,16.667000000005316,124,0.5,0.5,0.2835387769271632,0,0.0,1206,2622,0
navigate-serve-sim-30-p2,42894871,62.15,41.41097763475463,3729,60.0,62.133333,60.000000321888415,16.667000000005316,125,0.5,0.5,0.2855145887134093,0,0.0,1206,2622,0
navigate-serve-sim-60-p1,36652914,61.166667,35.95381190215907,3670,59.999999673024526,61.15,60.0,16.667000000005316,62,1.0,1.0,0.15710310055016638,0,0.0,1206,2622,0
navigate-serve-sim-60-p2,37920907,61.15,37.20775829926411,3669,60.0,61.133333,60.000000327153764,16.667000000005316,62,1.0,1.0,0.1496009427130133,0,0.0,1206,2622,0
scroll-record-sim-p1,57766911,61.885,56.00734685303385,2244,36.26080633432981,61.828333,36.2778663303117,1865.0,78,0.23333399999999926,2.266666999999998,0.18648052468976622,1081,2061.667,1206,2622,2
scroll-record-sim-p2,56881700,62.58,54.536625119846605,2201,35.17098114413551,61.881667,35.55172487515567,1880.0,77,0.2116669999999985,2.25,0.18684469459217304,1060,1881.6670000000001,1206,2622,2
scroll-serve-sim-120-p1,40452105,61.583333,39.41206462469318,3695,60.00000032476319,61.566667,59.99999967514889,16.667000000005316,31,2.0,2.0,0.08236175247533863,0,0.0,1206,2622,0
scroll-serve-sim-120-p2,40620715,61.483333,39.640708808027696,3689,60.00000032529141,61.466667,59.99999967462039,16.667000000005316,31,2.0,2.0,0.07786374754880325,0,0.0,1206,2622,0
scroll-serve-sim-15-p1,62417626,61.35,61.04413300733496,3681,60.0,61.333333,60.000000326086955,16.667000000005316,246,0.25,0.25,0.43011847318381713,0,0.0,1206,2622,0
scroll-serve-sim-15-p2,63204571,61.516667,61.646289451930166,3691,59.99999967488486,61.5,60.0,16.667000000005316,247,0.25,0.25,0.41982248487932344,0,0.0,1206,2622,0
scroll-serve-sim-30-p1,51356471,61.416667,50.171857421048266,3685,59.9999996743555,61.4,60.0,16.667000000005316,123,0.5,0.5,0.2512255000313621,0,0.0,1206,2622,0
scroll-serve-sim-30-p2,51931193,61.4,50.747094136807824,3684,60.0,61.383333,60.00000032582134,16.667000000005316,123,0.5,0.5,0.2541608387681515,0,0.0,1206,2622,0
scroll-serve-sim-60-p1,44847515,61.35,43.86065036674817,3680,59.98370008149959,61.333333,59.98369597817226,33.333,62,1.0,1.0,0.1455995437061061,0,0.0,1206,2622,0
scroll-serve-sim-60-p2,45906131,61.416667,44.84723763990645,3685,59.9999996743555,61.4,60.0,16.667000000005316,62,1.0,1.0,0.1414087089570337,0,0.0,1206,2622,0
still-record-sim-p1,106558,116.715,0.05477856316668808,3,0.025703637064644645,61.823333,0.032350245497116764,54891.666,1,,,0.7145586079720081,1,109783.333,1206,2622,1
still-record-sim-p2,120428,62.885,0.11490307704540033,4,0.06360817365031407,61.811667,0.048534526661447266,60008.333,1,,,0.6368425453633247,2,122163.33399999999,1206,2622,2
still-serve-sim-120-p1,4728064,61.483333,4.613995796226596,3689,60.00000032529141,61.466667,59.99999967462039,16.667000000005316,31,2.0,2.0,0.7570838362357787,0,0.0,1206,2622,0
still-serve-sim-120-p2,4736203,61.416667,4.626955415864557,3685,59.9999996743555,61.4,60.0,16.667000000005316,31,2.0,2.0,0.7576547811374998,0,0.0,1206,2622,0
still-serve-sim-15-p1,30312313,61.483333,29.58100498552998,3689,60.00000032529141,61.466667,59.99999967462039,16.667000000005316,246,0.25,0.25,0.9436339561512999,0,0.0,1206,2622,0
still-serve-sim-15-p2,30339188,61.3,29.695779445350738,3678,60.0,61.283333,60.00000032635301,16.667000000005316,246,0.25,0.25,0.943876080929271,0,0.0,1206,2622,0
still-serve-sim-30-p1,15800338,61.516667,15.410787453748103,3691,59.99999967488486,61.5,60.0,16.667000000005316,124,0.5,0.5,0.912818204210757,0,0.0,1206,2622,0
still-serve-sim-30-p2,15716372,61.366667,15.3663603728063,3671,59.82074926767654,61.35,59.82070089649552,83.33400000000069,123,0.5,0.5666670000000025,0.9130081698085765,0,0.0,1206,2622,0
still-serve-sim-60-p1,8403976,61.383333,8.214584242273062,3683,60.00000032582134,61.366667,59.99999967409017,16.667000000005316,62,1.0,1.0,0.8542793994360186,0,0.0,1206,2622,0
still-serve-sim-60-p2,8426735,61.4,8.234594462540716,3684,60.0,61.383333,60.00000032582134,16.667000000005316,62,1.0,1.0,0.8557816733600386,0,0.0,1206,2622,0
